Workbook

Sheet Front page
A2: Internal Audit report
A6: Auditor:
A8: Date:
A10: Company:
A12: Current audit cycle: | C12: Pre-audit

Sheet User Manual
C1: Explanation
A2: You can choose to use | B2: The tab "checklist full" with all clauses and controls | C2: Both collection have the same clauses and controls
A3: Or | B3: The separate tabs checklist claused and checklist annex | C3: The separate tabs, split the clauses and the annexes
B5: IMPORTANT REMARK | C5: Both sets ("full" vs the other 2) are NOT connected, you choose which set to complete
A7: Column | B7: Reference documents | C7: Put a link to the document names
C8: Hint: also add version nr and review date
B9: TO DO: | C9: add documents with links in the column next to the clause or annex like: policies, procedure, process documentation,.. Hint: add version nr
A11: Column | B11: Audit evidence | C11: Additional evidence, except
B12: TO DO: | C12: (if different, add links to additional docs & reports) Other, incl interviewed people, metadata, system records, … Hint: add evidence, time and data of check
A14: Column | B14: Audit remarks | C14: Additional comments to add if useful, eg explaining NC/nc/OFI
A16: Column | B16: Audit qualification | C16: You can enter (fixed choice of 5 options)
C17: (empty)
C18: TBC (to be checked)
C19: OK
C20: OFI (= opportunitfy for improvement)
C21: nc- (= minor non-conformity)
C22: NC+ (= major non-conformity)
C24: The sheet will automatically color the field as indicated
A26: Column | B26: Relevant processes | C26: You can use or rename the existing fields or add columns for additional departments you audit
A28: Column | B28: Outsources | C28: Fixed choice of Yes/No, to indicate a process is outsourced to a 3rd party
A30: At the end of the table | B30: Evaluation count

Sheet Essential Audit Data
A1: Topic | B1: Value | C1: Extra Info
A2: Current Stage of audit | B2: Audit types
A3: Previous Internal audit | B3: =NOW() -> 45946.42 | C3: yyyy-mm-dd
A4: Previous External audit | B4: =NOW() -> 45946.42 | C4: yyyy-mm-dd
A7: Did you check previous audit reports for…
A8: Number of previous OFI/nc-/NC+? | B8: No
A9: Status of previous OFI/nc-/NC+? | B9: No
A11: Essential ISMS data
A12: SoA date | B12: =NOW() -> 45946.42 | C12: yyyy-mm-dd
A13: SoA Version | B13: V.0
A14: SoA Document name | B14: <SoA document name> | C14: Add name and link to doc
A16: ISMS Review Cycle
A17: Last Management Review | B17: =NOW() -> 45946.42 | C17: yyyy-mm-dd
A18: Last evaluation of ISMS objectives | B18: =NOW() -> 45946.42 | C18: yyyy-mm-dd
A19: Last revision of documentation | B19: =NOW() -> 45946.42 | C19: yyyy-mm-dd
A20: Last revision of risk assessments | B20: =NOW() -> 45946.42 | C20: yyyy-mm-dd

Sheet Quick Overview Results
A1: Checklist Clauses | B1: Type | C1: Count
A2: =SUM(C2:C7) -> 55 | C2: ='Checklist Mgmt Clauses'!H96 -> 0
B3: TBC | C3: ='Checklist Mgmt Clauses'!H97 -> 1
B4: OK | C4: ='Checklist Mgmt Clauses'!H98 -> 49
B5: OFI | C5: ='Checklist Mgmt Clauses'!H99 -> 1
B6: nc- | C6: ='Checklist Mgmt Clauses'!H100 -> 2
B7: NC+ | C7: ='Checklist Mgmt Clauses'!H101 -> 2
A9: Checklist Annex | B9: Type | C9: Count
A10: =SUM(C10:C15) -> 93 | C10: ='Checklist Annex Controls'!I195 -> 0
B11: TBC | C11: ='Checklist Annex Controls'!I196 -> 88
B12: OK | C12: ='Checklist Annex Controls'!I197 -> 1
B13: OFI | C13: ='Checklist Annex Controls'!I198 -> 1
B14: nc- | C14: ='Checklist Annex Controls'!I199 -> 1
B15: NC+ | C15: ='Checklist Annex Controls'!I200 -> 2

Sheet Checklist Mgmt Clauses
A1: Structure | B1: Internal Audit checklist ISO/IEC 27001:2022 | C1: Included/Excluded | D1: Reference documents (add links where possible) Policy/Procedure/Manual | E1: Operational platform used to manage the control | F1: Owner/Responsible Person | G1: Operational Evidence witnessed / Proof found during audit | H1: Audit qualification (OK, OFI, nc-, NC+) | I1: Auditor Comments (extra info / interpretation) | J1: Relevant Process (add columns for other departments) | U1: Outsourced
B2: ISO/IEC 27001 Clauses | C2: By default all the management clause must be implemented.(no exclusions allowed) | D2: Fill in: add reference documents with links below like: policies, procedure, process documentation,.. Hint: add version nr | E2: Fill in (where to find evidence) | F2: Fill In (who to interview) | G2: Add aditional audit references (if different, add links to additional docs & reports) Other, incl interviewed people, metadata, system records, … Hint: add evidence, time and data of check | H2: Enter qualification with these codes OFI = opportunity for improvement NC+ = major nonconformity nc- = minor nc OK = all OK TBC = To be Checked | I2: Enter remarks | J2: Management | K2: HR | L2: CISO | M2: IT | N2: Development | O2: Legal | P2: Physical Security | Q2: Supplier Mgmt | R2: End user | S2: Other | T2: Community | U2: Yes/no
A3: 4 §0 | B3: 4 Context of the organization
A4: 4.1 §0 | B4: 4.1 Understanding the organization and its context
A5: 4.1 §1 | B5: The organization shall determine external and internal issues that are relevant to its purpose and that affect its ability to achieve the intended outcome(s) of its information security management system. | C5: Included | D5: For example, company mission, vision & value statement on website | E5: <where to find evidence> | F5: <who to talk to> | G5: <operational evidence> | H5: TBC | I5: <extra info> | J5: X | K5: X | U5: No
A6: 4.2 §0 | B6: 4.2 Understanding the needs and expectations of interested parties
A7: 4.2 §1 | B7: The organization shall determine: a) interested parties that are relevant to the information security management system; and b) the requirements of these interested parties relevant to information security. | C7: Included | D7: <policy/procedure/process definition> | E7: <where to find evidence> | F7: <who to talk to> | G7: <operational evidence> | H7: OK | I7: <extra info> | J7: X | K7: X | U7: No
A8: 4.3 §0 | B8: 4.3 Determining the scope of the information security management system
A9: 4.3 §1 | B9: The organization shall determine the boundaries and applicability of the information security management system to establish its scope. | C9: Included | H9: OFI | I9: <extra info> | J9: X | K9: X | U9: No
A10: 4.3 §2 | B10: When determining this scope, the organization shall consider: a) the external and internal issues referred to in 4.1; b) the requirements referred to in 4.2; and c) interfaces and dependencies between activities performed by the organization, and those that are performed by other organizations. | C10: Included | H10: nc- | I10: <extra info> | J10: X | K10: X | U10: No
A11: 4.3 §3 | B11: The scope shall be available as documented information. | C11: Included | H11: NC+ | I11: <extra info> | J11: X | K11: X | U11: No
A12: 4.4 §0 | B12: 4.4 Information security management system
A13: 4.4 §1 | B13: The organization shall establish, implement, maintain and continually improve an information security management system, in accordance with the requirements of this International Standard. | C13: Included | H13: OK | I13: <extra info> | J13: X | K13: X | U13: No
A14: 5 §0 | B14: 5 Leadership
A15: 5.1 §0 | B15: 5.1 Leadership and commitment
A16: 5.1 §1 | B16: Top management shall demonstrate leadership and commitment with respect to the information security management system by: a) ensuring the information security policy and the information security objectives are established and are compatible with the strategic direction of the organization; b) ensuring the integration of the information security management system requirements into the organization's processes; c) ensuring that the resources needed for the information security management system are available; d) communicating the importance of effective information security management and of conforming to the information security management system requirements; e) ensuring that the information security management system achieves its intended outcome(s); f) directing and supporting persons to contribute to the effectiveness of the information security management system; g) promoting continual improvement; and) supporting other relevant management roles to demonstrate their leadership as it applies to their areas of responsibility. | C16: Included | H16: OK | I16: <extra info> | J16: X | U16: No
A17: 5.2 §0 | B17: 5.2 Policy
A18: 5.2 §1 | B18: Top management shall establish an information security policy that: a) is appropriate to the purpose of the organization; b) includes information security objectives (see 6.2) or provides the framework for setting information security objectives; c) includes a commitment to satisfy applicable requirements related to information security; and d) includes a commitment to continual improvement of the information security management system. | C18: Included | H18: OK | I18: <extra info> | J18: X | K18: X | U18: No
A19: 5.2 §2 | B19: The information security policy shall: e) be available as documented information; f) be communicated within the organization; and g) be available to interested parties, as appropriate. | C19: Included | H19: OK | I19: <extra info> | J19: X | K19: X | U19: No
A20: 5.3 §0 | B20: 5.3 Organizational roles, responsibilities and authorities
A21: 5.3 §1 | B21: Top management shall ensure that the responsibilities and authorities for roles relevant to information security are assigned and communicated. | C21: Included | H21: OK | I21: <extra info> | J21: X | K21: X | L21: X | U21: No
A22: 5.3 §2 | B22: Top management shall assign the responsibility and authority for: a) ensuring that the information security management system conforms to the requirements of this International Standard; and b) reporting on the performance of the information security management system to top management. | C22: Included | H22: OK | I22: <extra info> | J22: X | K22: X | L22: X | U22: No
A23: 6 §0 | B23: 6 Planning
A24: 6.1 §0 | B24: 6.1 Actions to address risks and opportunities
A25: 6.1.1§2 | B25: 6.1.1 General
A26: 6.1.1§1 | B26: When planning for the information security management system, the organization shall consider the issues referred to in 4.1 and the requirements referred to in 4.2 and determine the risks and opportunities that need to be addressed to: a) ensure the information security management system can achieve its intended outcome(s); b) prevent, or reduce, undesired effects; and c) achieve continual improvement. | C26: Included | H26: OK | I26: <extra info> | J26: X | K26: X | L26: X | M26: X | N26: X | O26: X | P26: X | Q26: X | R26: X | S26: X | T26: X | U26: No
A27: 6.1.1§2 | B27: The organization shall plan: d) actions to address these risks and opportunities; and e) how to integrate and implement these actions into its information security management system processes; and evaluate the effectiveness of these actions. | C27: Included | H27: OK | I27: <extra info> | J27: X | K27: X | L27: X | M27: X | N27: X | O27: X | P27: X | Q27: X | R27: X | S27: X | T27: X | U27: No
A28: 6.1.2§0 | B28: 6.1.2 Information security risk assessment
A29: 6.1.2§1 | B29: The organization shall define and apply an information security risk assessment process that: a) establishes and maintains information security risk criteria that include:1) the risk acceptance criteria; and 2) criteria for performing information security risk assessments; b) ensures that repeated information security risk assessments produce consistent, valid and comparable results; c) identifies the information security risks:1) apply the information security risk assessment process to identify risks associated with the loss of confidentiality, integrity and availability for information within the scope of the information security management system; and2) identify the risk owners; d) analyses the information security risks:1) assess the potential consequences that would result if the risks identified in 6.1.2 c) 1) were to materialize;2) assess the realistic likelihood of the occurrence of the risks identified in 6.1.2 c) 1); and3) determine the levels of risk; e) evaluates the information security risks:1) compare the results of risk analysis with the risk criteria established in 6.1.2 a); and2) prioritize the analysed risks for risk treatment. | C29: Included | D29: Risk register, DPIA, … | H29: OK | I29: <extra info> | J29: X | L29: X | U29: No
A30: 6.1.2§2 | B30: The organization shall retain documented information about the information security risk assessment process. | C30: Included | H30: OK | I30: <extra info> | J30: X | L30: X
A31: 6.1.3§0 | B31: 6.1.3 Information security risk treatment
A32: 6.1.3§1 | B32: The organization shall define and apply an information security risk treatment process to: a) select appropriate information security risk treatment options, taking account of the risk assessment results; b) determine all controls that are necessary to implement the information security risk treatment option(s) chosen; c) compare the controls determined in 6.1.3 b) above with those in Annex A and verify that no necessary controls have been omitted; d) produce a Statement of Applicability that contains the necessary controls (see 6.1.3 b) and c)) and justification for inclusions, whether they are implemented or not, and the justification for exclusions of controls from Annex A; e) formulate an information security risk treatment plan; and f) obtain risk owners’ approval of the information security risk treatment plan and acceptance of the residual information security risks. The organization shall retain documented information about the information security risk treatment process. | C32: Included | D32: Risk regsiter | H32: NC+ | I32: <extra info> | J32: X | L32: X | U32: No
A33: 6.1.3§2 | B33: Statement of apllicability: The organization shall retain documented information about the information security risk treatment process. The risk assessment covers the scope of the management system. The client granted the access to all necessary organizational documented information. | C33: Included | H33: OK | I33: <extra info> | J33: X | L33: X | U33: No
A34: 6.2§0 | B34: 6.2 Information security objectives and planning to achieve them
A35: 6.2§1 | B35: The organization shall establish information security objectives at relevant functions and levels. | C35: Included | H35: OK | I35: <extra info> | J35: X | L35: X | U35: No
A36: 6.2§2 | B36: The information security objectives shall: a) be consistent with the information security policy; b) be measurable (if practicable); c) take into account applicable information security requirements, and risk assessment and risk treatment results; d) be communicated; and e) be updated as appropriate. | C36: Included | H36: OK | I36: <extra info> | J36: X | L36: X | U36: No
A37: 6.2§2 | B37: The organization shall retain documented information on the information security objectives. | C37: Included | H37: OK | I37: <extra info> | J37: X | L37: X | U37: No
A38: 6.2§3 | B38: When planning how to achieve its information security objectives, the organization shall determine: f) what will be done; g) what resources will be required; h) who will be responsible; i) when it will be completed; and j) how the results will be evaluated. | C38: Included | H38: OK | I38: <extra info> | J38: X | L38: X | U38: No
A39: 6.3§0 | B39: 6.3 Planning of changes
A40: 6.3§1 | B40: When the organization determines the need for changes to the information security management system, the changes shall be carried out in a planned manner. | C40: Included | H40: OK | I40: <extra info> | J40: X | L40: X | U40: No
A41: 7 §0 | B41: 7 Support
A42: 7.1 §0 | B42: 7.1 Resources
A43: 7.1 §1 | B43: The organization shall determine and provide the resources needed for the establishment, implementation, maintenance and continual improvement of the information security management system. | C43: Included | H43: OK | I43: <extra info> | J43: X | U43: No
A44: 7.2 §0 | B44: 7.2 Competence
A45: 7.2 §1 | B45: The organization shall: a) determine the necessary competence of person(s) doing work under its control that affects its information security performance; b) ensure that these persons are competent on the basis of appropriate education, training, or experience; c) where applicable, take actions to acquire the necessary competence, and evaluate the effectiveness of the actions taken; and d) retain appropriate documented information as evidence of competence. | C45: Included | H45: OK | I45: <extra info> | J45: X | K45: X | U45: No
A46: 7.3 §0 | B46: 7.3 Awareness
A47: 7.3 §1 | B47: Persons doing work under the organization’s control shall be aware of: a) the information security policy; b) their contribution to the effectiveness of the information security management system, including the benefits of improved information security performance; and c) the implications of not conforming with the information security management system requirements. | C47: Included | H47: OK | I47: <extra info> | J47: X | K47: X | L47: X | U47: No
A48: 7.4 §0 | B48: 7.4 Communication
A49: 7.4 §1 | B49: The organization shall determine the need for internal and external communications relevant to the information security management system including: a) on what to communicate; b) when to communicate; c) with whom to communicate; | C49: Included | H49: OK | I49: <extra info> | J49: X | K49: X | L49: X | U49: No
A50: 7.4 §2 | B50: d) who shall communicate; and e) the processes by which communication shall be effected. | C50: Included | H50: OK | I50: <extra info> | J50: X | K50: X | L50: X | U50: No
A51: 7.5 §0 | B51: 7.5 Documented information
A52: 7.5.1§0 | B52: 7.5.1 General
A53: 7.5.1§1 | B53: The organization’s information security management system shall include: a) documented information required by this International Standard; and b) documented information determined by the organization as being necessary for the effectiveness of the information security management system. | C53: Included | H53: OK | I53: <extra info> | J53: X | K53: X | L53: X | M53: X | N53: X | O53: X | P53: X | Q53: X | R53: X | S53: X | T53: X | U53: No
A54: 7.5.2§0 | B54: 7.5.2 Creating and updating
A55: 7.5.2§1 | B55: When creating and updating documented information the organization shall ensure appropriate: a) identification and description (e.g. a title, date, author, or reference number); b) format (e.g. language, software version, graphics) and media (e.g. paper, electronic); and c) review and approval for suitability and adequacy. | C55: Included | H55: OK | I55: <extra info> | J55: X | K55: X | L55: X | M55: X | N55: X | O55: X | P55: X | Q55: X | R55: X | S55: X | T55: X | U55: No
A56: 7.5.3§0 | B56: 7.5.3 Control of documented information
A57: 7.5.3§1 | B57: Documented information required by the information security management system and by this International Standard shall be controlled to ensure: a) it is available and suitable for use, where and when it is needed; and b) it is adequately protected (e.g. from loss of confidentiality, improper use, or loss of integrity). | C57: Included | H57: OK | I57: <extra info> | J57: X | K57: X | L57: X | M57: X | N57: X | O57: X | P57: X | Q57: X | R57: X | S57: X | T57: X | U57: No
A58: 7.5.3§2 | B58: For the control of documented information, the organization shall address the following activities, as applicable: c) distribution, access, retrieval and use; d) storage and preservation, including the preservation of legibility; e) control of changes (e.g. version control); and f) retention and disposition. | C58: Included | H58: OK | I58: <extra info> | J58: X | K58: X | L58: X | M58: X | N58: X | O58: X | P58: X | Q58: X | R58: X | S58: X | T58: X | U58: No
A59: 7.5.3§3 | B59: Documented information of external origin, determined by the organization to be necessary for the planning and operation of the information security management system, shall be identified as appropriate, and controlled. | C59: Included | H59: OK | I59: <extra info> | J59: X | K59: X | L59: X | M59: X | N59: X | O59: X | P59: X | Q59: X | R59: X | S59: X | T59: X | U59: No
A60: 8 §0 | B60: 8 Operation
A61: 8.1 §0 | B61: 8.1 Operational planning and control
A62: 8.1 §1 | B62: The organization shall plan, implement and control the processes needed to meet information security requirements, and to implement the actions determined in 6.1. | C62: Included | H62: OK | I62: <extra info> | J62: X | K62: X | L62: X | M62: X | N62: X | O62: X | P62: X | Q62: X | R62: X | S62: X | T62: X | U62: No
A63: 8.1 §2 | B63: The organization shall also implement plans to achieve information security objectives determined in 6.2. | C63: Included | H63: OK | I63: <extra info> | J63: X | K63: X | L63: X | M63: X | N63: X | O63: X | P63: X | Q63: X | R63: X | S63: X | T63: X | U63: No
A64: 8.1 §3 | B64: The organization shall keep documented information to the extent necessary to have confidence that the processes have been carried out as planned. | C64: Included | H64: OK | I64: <extra info> | J64: X | K64: X | L64: X | M64: X | N64: X | O64: X | P64: X | Q64: X | R64: X | S64: X | T64: X | U64: No
A65: 8.1 §4 | B65: The organization shall control planned changes and review the consequences of unintended changes, taking action to mitigate any adverse effects, as necessary. | C65: Included | H65: OK | I65: <extra info> | J65: X | K65: X | L65: X | M65: X | N65: X | O65: X | P65: X | Q65: X | R65: X | S65: X | T65: X | U65: No
A66: 8.1 §5 | B66: The organization shall ensure that outsourced processes are determined and controlled. | C66: Included | H66: OK | I66: <extra info> | J66: X | K66: X | L66: X | M66: X | N66: X | O66: X | P66: X | Q66: X | R66: X | S66: X | T66: X | U66: No
A67: 8.2 §0 | B67: 8.2 Information security risk assessment
A68: 8.2 §1 | B68: The organization shall perform information security risk assessments at planned intervals or when significant changes are proposed or occur, taking account of the criteria established in 6.1.2 a). | C68: Included | H68: OK | I68: <extra info> | J68: X | L68: X | U68: No
A69: 8.2 §2 | B69: The organization shall retain documented information of the results of the information security risk assessments. | C69: Included | H69: OK | I69: <extra info> | J69: X | L69: X | U69: No
A70: 8.3 §0 | B70: 8.3 Information security risk treatment
A71: 8.3 §1 | B71: The organization shall implement the information security risk treatment plan. | C71: Included | H71: OK | I71: <extra info> | J71: X | L71: X | U71: No
A72: 8.3 §2 | B72: The organization shall retain documented information of the results of the information security risk treatment. | C72: Included | H72: OK | I72: <extra info> | J72: X | L72: X | U72: No
A73: 9 §0 | B73: 9 Performance evaluation
A74: 9.1 §0 | B74: 9.1 Monitoring, measurement, analysis and evaluation
A75: 9.1 §1 | B75: The organization shall evaluate the information security performance and the effectiveness of the information security management system. | C75: Included | H75: OK | I75: <extra info> | J75: X | L75: X | U75: No
A76: 9.1 §2 | B76: The organization shall determine: a) what needs to be monitored and measured, including information security processes and controls; b) the methods for monitoring, measurement, analysis and evaluation, as applicable, to ensure valid results; c) when the monitoring and measuring shall be performed; d) who shall monitor and measure; e) when the results from monitoring and measurement shall be analysed and evaluated; and f) who shall analyse and evaluate these results. | C76: Included | H76: OK | I76: <extra info> | J76: X | L76: X | U76: No
A77: 9.1 §3 | B77: The organization shall retain appropriate documented information as evidence of the monitoring and measurement results. | C77: Included | H77: OK | I77: <extra info> | J77: X | L77: X | U77: No
A78: 9.2 §0 | B78: 9.2 Internal audit | H78: <extra info>
A79: 9.2 §1 | B79: The organization shall conduct internal audits at planned intervals to provide information on whether the information security management system: a) conforms to1) the organization’s own requirements for its information security management system; and2) the requirements of this International Standard; b) is effectively implemented and maintained. | C79: Included | H79: OK | I79: <extra info> | J79: X | L79: X | U79: No
A80: 9.2 §2 | B80: The organization shall: c) plan, establish, implement and maintain an audit programme(s), including the frequency, methods, responsibilities, planning requirements and reporting. The audit programme(s) shall take into consideration the importance of the processes concerned and the results of previous audits; | C80: Included | H80: OK | I80: <extra info> | J80: X | L80: X | U80: No
A81: 9.2 §3 | B81: d) define the audit criteria and scope for each audit; e) select auditors and conduct audits that ensure objectivity and the impartiality of the audit process; f) ensure that the results of the audits are reported to relevant management; and g) retain documented information as evidence of the audit programme(s) and the audit results. | C81: Included | H81: OK | I81: <extra info> | J81: X | L81: X | U81: No
A82: 9.3 §0 | B82: 9.3 Management review
A83: 9.3 §1 | B83: Top management shall review the organization’s information security management system at planned intervals to ensure its continuing suitability, adequacy and effectiveness. | C83: Included | H83: OK | I83: <extra info> | J83: X | L83: X | U83: No
A84: 9.3 §2 | B84: The management review shall include consideration of: a) the status of actions from previous management reviews; b) changes in external and internal issues that are relevant to the information security management system; c) feedback on the information security performance, including trends in:1) nonconformities and corrective actions;2) monitoring and measurement results;3) audit results; and4) fulfilment of information security objectives; d) feedback from interested parties; e) results of risk assessment and status of risk treatment plan; and f) opportunities for continual improvement. | C84: Included | H84: OK | I84: <extra info> | J84: X | L84: X | U84: No
A85: 9.3 §3 | B85: The outputs of the management review shall include decisions related to continual improvement opportunities and any needs for changes to the information security management system. | C85: Included | H85: OK | I85: <extra info> | J85: X | L85: X | U85: No
A86: 9.3 §4 | B86: The organization shall retain documented information as evidence of the results of management reviews. | C86: Included | H86: OK | I86: <extra info> | J86: X | L86: X | U86: No
A87: 10§0 | B87: 10 Improvement
A88: 10.1§0 | B88: 10.1 Continual improvement
A89: 10.2§1 | B89: The organization shall continually improve the suitability, adequacy and effectiveness of the information security management system. | C89: Included | H89: OK | I89: <extra info> | J89: X | L89: X | U89: No
A90: 10.2§0 | B90: 10.2 Nonconformity and corrective action
A91: 10.2§1 | B91: When a nonconformity occurs, the organization shall: a) react to the nonconformity, and as applicable:1) take action to control and correct it; and 2) deal with the consequences; b) evaluate the need for action to eliminate the causes of nonconformity, in order that it does not recur or occur elsewhere, by:1) reviewing the nonconformity;2) determining the causes of the nonconformity; and 3) determining if similar nonconformities exist, or could potentially occur; c) implement any action needed; d) review the effectiveness of any corrective action taken; and e) make changes to the information security management system, if necessary. | C91: Included | H91: OK | I91: <extra info> | J91: X | L91: X | U91: No
A92: 10.2§2 | B92: Corrective actions shall be appropriate to the effects of the nonconformities encountered. | C92: Included | H92: nc- | I92: <extra info> | J92: X | K92: X | L92: X | M92: X | N92: X | O92: X | P92: X | Q92: X | R92: X | S92: X | T92: X | U92: No
A93: 10.2§3 | B93: The organization shall retain documented information as evidence of: f) the nature of the nonconformities and any subsequent actions taken, and g) the results of any corrective action. | C93: Included | H93: OK | I93: <extra info> | J93: X | K93: X | L93: X | M93: X | N93: X | O93: X | P93: X | Q93: X | R93: X | S93: X | T93: X | U93: No
B95: Type | C95: Count | G95: Type | H95: Count
C96: =54-C97-C98 -> -1 | H96: =COUNTIF($H$3:$H$93,G96) -> 0
B97: Included | C97: =COUNTIF($C$3:$C$93,B97) -> 55 | G97: TBC | H97: =COUNTIF($H$3:$H$93,G97) -> 1
B98: Excluded | C98: =COUNTIF($C$3:$C$93,B98) -> 0 | G98: OK | H98: =COUNTIF($H$3:$H$93,G98) -> 49
G99: OFI | H99: =COUNTIF($H$3:$H$93,G99) -> 1
G100: nc- | H100: =COUNTIF($H$3:$H$93,G100) -> 2
G101: NC+ | H101: =COUNTIF($H$3:$H$93,G101) -> 2

Sheet Checklist Annex Controls
B1: Internal Audit checklist ISO/IEC 27001:2022 | C1: Operational capability | D1: Included/Excluded | E1: Reference documents (add links where possible) | F1: Operational platform used to manage the control | G1: Owner/Responsible team | H1: audit evidence / sample record references witnessed / operational proof | I1: Audit qualification (white = TC, green=OK, yellow=OFI, orange=minor NC, red = major NC) | J1: Auditor Comments (extra info / interpretation) | K1: Relevant Process Owner (you can insert or remove columns to add/remove departments) | V1: Outsourced
B2: ISO/IEC 27001 Controls | C2: Group (#Tag) | E2: TO DO (add documents with links below) like: policies, procedure, process documentation,.. Hint: add version nr | F2: Fill in (where to find evidence) | G2: Fill In (who to interview) | H2: Add aditional audit references (if different, add links to additional docs & reports) Other, incl interviewed people, metadata, system records, … Hint: add evidence, time and data of check | I2: Enter qualification with these codes OFI = opportunity for improvement NC+ = major nonconformity nc- = minor nc OK = all OK TBC = To be Checked | J2: Enter remarks | K2: Management | L2: HR | M2: CISO | N2: IT | O2: Development | P2: Legal | Q2: Physical Security | R2: Supplier Mgmt | S2: End user | T2: Other | U2: Community | V2: Yes/ No
A3: A.5$0 | B3: A.5 Organisational controls
A4: A.5.1$1 | B4: A.5.1 Policies for information security
A5: A.5.1$2 | B5: Information security policy and topic-specific policies shall be defined, approved by management, published, communicated to and acknowledged by relevant personnel and relevant interested parties, and reviewed at planned intervals and if significant changes occur. | C5: #Governance | D5: Included | I5: TBC | J5: <extra info> | K5: x | V5: No
A6: A.5.2$1 | B6: A.5.2 Information security roles and responsibilities
A7: A.5.2$2 | B7: Information security roles and responsibilities shall be defined and allocated according to the organization needs. | C7: #Governance | D7: Included | I7: OK | J7: <extra info> | K7: x | L7: x | M7: x | V7: No
A8: A.5.3$1 | B8: A.5.3 Segregation of duties
A9: A.5.3$2 | B9: Conflicting duties and conflicting areas of responsibility shall be segregated. | C9: #Governance #Identity_and_access_management | D9: Included | I9: OFI | J9: <extra info> | K9: x | L9: x | M9: x | V9: No
A10: A.5.4$1 | B10: A.5.4 Management responsibilities
A11: A.5.4$2 | B11: Management shall require all personnel to apply information security in accordance with the established information security policy, topic-specific policies and procedures of the organization. | C11: #Governance | D11: Included | I11: nc- | J11: <extra info> | K11: x | V11: No
A12: A.5.5$1 | B12: A.5.5 Contact with authorities
A13: A.5.5$2 | B13: The organization shall establish and maintain contact with relevant authorities. | C13: #Governance | D13: Included | I13: NC+ | J13: <extra info> | K13: x | M13: x | P13: x | V13: No
A14: A.5.6$1 | B14: A.5.6 Contact with special interest groups
A15: A.5.6$2 | B15: The organization shall establish and maintain contact with special interest groups or other specialist security forums and professional associations. | C15: #Governance | D15: Included | I15: TBC | J15: <extra info> | K15: x | L15: x | M15: x | N15: x | O15: x | P15: x | Q15: x | R15: x | V15: No
A16: A.5.7$1 | B16: A.5.7 Threat intelligence
A17: A.5.7$2 | B17: Information relating to information security threats shall be collected and analysed to produce threat intelligence. | C17: #Threat_and_vulnerability_management | D17: Included | I17: TBC | J17: <extra info> | K17: x | M17: x | N17: x | O17: x | V17: No
A18: A.5.8$1 | B18: A.5.8 Information security in project management
A19: A.5.8$2 | B19: Information security shall be integrated into project management. | C19: #Governance | D19: Included | I19: TBC | J19: <extra info> | N19: x | O19: x | V19: No
A20: A.5.9$1 | B20: A.5.9 Inventory of information and other associated assets
A21: A.5.9$2 | B21: An inventory of information and other associated assets, including owners, shall be developed and maintained. | C21: #Asset_management | D21: Included | I21: TBC | J21: <extra info> | M21: x | N21: x | O21: x | V21: No
A22: A.5.10$1 | B22: A.5.10 Acceptable use of information and other associated assets
A23: A.5.10$2 | B23: Rules for the acceptable use and procedures for handling information and other associated assets shall be identified, documented and implemented. | C23: #Asset_management #Information_protection | D23: Included | I23: TBC | J23: <extra info> | M23: x | N23: x | V23: No
A24: A.5.11$1 | B24: A.5.11 Return of assets
A25: A.5.11$2 | B25: Personnel and other interested parties as appropriate shall return all the organization’s assets in their possession upon change or termination of their employment, contract or agreement. | C25: #Asset_management | D25: Included | I25: TBC | J25: <extra info> | N25: x | S25: x | V25: No
A26: A.5.12$1 | B26: A.5.12 Classification of information
A27: A.5.12$2 | B27: Information shall be classified according to the information security needs of the organization based on confidentiality, integrity, availability and relevant interested party requirements. | C27: #Information_protection | D27: Included | I27: TBC | J27: <extra info> | M27: x | N27: x | V27: No
A28: A.5.13$1 | B28: A.5.13 Labelling of information
A29: A.5.13$2 | B29: An appropriate set of procedures for information labelling shall be developed and implemented in accordance with the information classification scheme adopted by the organization. | C29: #Information_protection | D29: Included | I29: TBC | J29: <extra info> | M29: x | N29: x | V29: No
A30: A.5.14$1 | B30: A.5.14 Information transfer
A31: A.5.14$2 | B31: Information transfer rules, procedures, or agreements shall be in place for all types of transfer facilities within the organization and between the organization and other parties. | C31: #Asset_management #Information_protection | D31: Included | I31: TBC | J31: <extra info> | K31: x | M31: x | N31: x | P31: x | S31: x | V31: No
A32: A.5.15$1 | B32: A.5.15 Access control
A33: A.5.15$2 | B33: Rules to physical and logical access to information and other associated assets shall be established and implemented based on business and information security requirements. | C33: #Identity_and_access_management | D33: Included | I33: TBC | J33: <extra info> | M33: x | N33: x | V33: No
A34: A.5.16$1 | B34: A.5.16 Identity management
A35: A.5.16$2 | B35: The full life cycle of identities shall be managed. | C35: #Identity_and_access_management | D35: Included | I35: TBC | J35: <extra info> | L35: x | M35: x | N35: x | V35: No
A36: A.5.17$1 | B36: A.5.17 Authentication information
A37: A.5.17$2 | B37: Allocation and management of authentication information shall be led by a management process, including advising personnel on appropriate handling of authentication information. | C37: #Identity_and_access_management | D37: Included | I37: TBC | J37: <extra info> | N37: x | V37: No
A38: A.5.18$1 | B38: A.5.18 Access rights
A39: A.5.18$2 | B39: Access rights to information and other associated assets shall be provisioned, reviewed, modified and removed in accordance with the organization’s topic-specific policy on and rules for access . | C39: #Identity_and_access_management | D39: Included | I39: TBC | J39: <extra info> | M39: x | N39: x | V39: No
A40: A.5.19$1 | B40: A.5.19 Information security in supplier relationships
A41: A.5.19$2 | B41: Processes and procedures shall be defined and implemented to manage the information security risks associated with the use of supplier’s products or services. | C41: #Supplier_relationships_security | D41: Included | I41: TBC | J41: <extra info> | P41: x | R41: x | V41: No
A42: A.5.20$1 | B42: A.5.20 Addressing information security within supplier agreements
A43: A.5.20$2 | B43: Relevant information security requirements shall be established and agreed with each supplier based on the type of supplier relationship. | C43: #Supplier_relationships_security | D43: Included | I43: TBC | J43: <extra info> | P43: x | R43: x | V43: No
A44: A.5.21$1 | B44: A.5.21 Managing information security in the information and communication technology (ICT) supply chain
A45: A.5.21$2 | B45: Processes and procedures shall be defined and implemented to manage the information security risks associated with the ICT products and services supply chain. | C45: #Supplier_relationships_security | D45: Included | I45: TBC | J45: <extra info> | P45: x | R45: x | V45: No
A46: A.5.22$1 | B46: A.5.22 Monitoring, review and change management of supplier services
A47: A.5.22$2 | B47: The organization shall regularly monitor, review, evaluate and manage change in supplier information security practices and service delivery. | C47: #Supplier_relationships_security | D47: Included | I47: TBC | J47: <extra info> | P47: x | R47: x | V47: No
A48: A.5.23$1 | B48: A.5.23 Information security for use of cloud services
A49: A.5.23$2 | B49: Processes for acquisition, use, management and exit from cloud services shall be established in accordance with the organization’s information security requirements. | C49: #Supplier_relationships_security | D49: Included | I49: TBC | J49: <extra info> | M49: x | N49: x | P49: x | V49: No
A50: A.5.24$1 | B50: A.5.24 Information security incident management planning and preparation
A51: A.5.24$2 | B51: The organization shall plan and prepare for managing information security incidents by defining, establishing and communicating information security incident management processes, roles and responsibilities | C51: #Governance #Information_security_event_management | D51: Included | I51: TBC | J51: <extra info> | M51: x | N51: x | V51: No
A52: A.5.25$1 | B52: A.5.25 Assessment and decision on information security events
A53: A.5.25$2 | B53: The organization shall assess information security events and decide if they are to be categorized as information security incidents. | C53: #Information_security_event_management | D53: Included | I53: TBC | J53: <extra info> | M53: x | N53: x | V53: No
A54: A.5.26$1 | B54: A.5.26 Response to information security incidents
A55: A.5.26$2 | B55: Information security incidents shall be responded to in accordance with the documented procedures. | C55: #Information_security_event_management | D55: Included | I55: TBC | J55: <extra info> | K55: x | M55: x | N55: x | V55: No
A56: A.5.27$1 | B56: A.5.27 Learning from information security incidents
A57: A.5.27$2 | B57: Knowledge gained from information security incidents shall be used to strengthen and improve the information security s. | C57: #Information_security_event_management | D57: Included | I57: TBC | J57: <extra info> | K57: x | M57: x | N57: x | V57: No
A58: A.5.28$1 | B58: A.5.28 Collection of evidence
A59: A.5.28$2 | B59: The organization shall establish and implement procedures for the identification, collection, acquisition and preservation of evidence related to information security events. | C59: #Information_security_event_management | D59: Included | I59: TBC | J59: <extra info> | M59: x | N59: x | V59: No
A60: A.5.29$1 | B60: A.5.29 Information security during disruption
A61: A.5.29$2 | B61: The organization shall plan how to maintain information security at an appropriate level during disruption. | C61: #Continuity | D61: Included | I61: TBC | J61: <extra info> | K61: x | M61: x | N61: x | V61: No
A62: A.5.30$1 | B62: A.5.30 ICT readiness for business continuity
A63: A.5.30$2 | B63: ICT readiness shall be planned, implemented, maintained and tested based on business continuity objectives and ICT continuity requirements. | C63: #Continuity | D63: Included | I63: TBC | J63: <extra info> | K63: x | M63: x | N63: x | V63: No
A64: A.5.31$1 | B64: A.5.31 Legal, statutory, regulatory and contractual requirements
A65: A.5.31$2 | B65: Legal, statutory, regulatory and contractual requirements relevant to information security and the organization’s approach to meet these requirements shall be identified, documented and kept up to date. | C65: #Legal_and_compliance | D65: Included | I65: TBC | J65: <extra info> | P65: x | V65: No
A66: A.5.32$1 | B66: A.5.32 Intellectual property rights
A67: A.5.32$2 | B67: The organization shall implement appropriate procedures to protect intellectual property rights. | C67: #Legal_and_compliance | D67: Included | I67: TBC | J67: <extra info> | P67: x | V67: No
A68: A.5.33$1 | B68: A.5.33 Protection of records
A69: A.5.33$2 | B69: Records shall be protected from loss, destruction, falsification, unauthorized access and unauthorized release. | C69: #Legal_and_compliance #Asset_management #Information_protection | D69: Included | I69: TBC | J69: <extra info> | M69: x | N69: x | V69: No
A70: A.5.34$1 | B70: A.5.34 Privacy and protection of personal identifiable information (PII)
A71: A.5.34$2 | B71: The organization shall identify and meet the requirements regarding the preservation of privacy and protection of PII according to applicable laws and regulations and contractual requirements. | C71: #Information_protection #Legal_and_compliance | D71: Included | I71: TBC | J71: <extra info> | P71: x | V71: No
A72: A.5.35$1 | B72: A.5.35 Independent review of information security
A73: A.5.35$2 | B73: The organization’s approach to managing information security and its implementation including people, processes and technologies shall be reviewed independently at planned intervals, or when significant changes occur. | C73: #Information_security_assurance | D73: Included | I73: TBC | J73: <extra info> | K73: x | M73: x | V73: No
A74: A.5.36$1 | B74: A.5.36 Compliance with policies, rules and standards for information security
A75: A.5.36$2 | B75: Compliance with the organization’s information security policy, topic-specific policies, rules and standards shall be regularly reviewed. | C75: #Legal_and_compliance #Information_security_assurance | D75: Included | I75: TBC | J75: <extra info> | K75: x | M75: x | P75: x | V75: No
A76: A.5.37$1 | B76: A.5.37 Documented operating procedures
A77: A.5.37$2 | B77: Operating procedures for information processing facilities shall be documented and made available to personnel who need them. | C77: #Asset_management #Physical_security #System_and_network_security #Application_security #Secure_configuration #Identity_and_access_management #Threat_and_vulnerability_management #Continuity #Information_security_event_management | D77: Included | I77: NC+ | J77: <extra info> | K77: x | L77: x | M77: x | N77: x | O77: x | P77: x | Q77: x | R77: x | T77: x | U77: x | V77: No
A78: A.6$0 | B78: A.6 People controls
A79: A.6.1$1 | B79: A.6.1 Screening
A80: A.6.1$2 | B80: Background verification checks on all candidates to become personnel shall be carried out prior to joining the organization and on an ongoing basis taking into consideration applicable laws, regulations and ethics and be proportional to the business requirements, the classification of the information to be accessed and the perceived risks. | C80: #Human_resource_security | D80: Included | I80: TBC | J80: <extra info> | L80: x | V80: No
A81: A.6.2$1 | B81: A.6.2 Terms and conditions of employment
A82: A.6.2$2 | B82: The employment contractual agreements shall state the personnel’s and the organization’s responsibilities for information security. | C82: #Human_resource_security | D82: Included | I82: TBC | J82: <extra info> | L82: x | V82: No
A83: A.6.3$1 | B83: A.6.3 Information security awareness, education and training
A84: A.6.3$2 | B84: Personnel of the organization and relevant interested parties shall receive appropriate information security awareness, education and training and regular updates of the organization's information security policy, topic-specific policies and procedures, as relevant for their job function. | C84: #Human_resource_security | D84: Included | I84: TBC | J84: <extra info> | K84: x | L84: x | M84: x | V84: No
A85: A.6.4$1 | B85: A.6.4 Disciplinary process
A86: A.6.4$2 | B86: A disciplinary process shall be formalized and communicated to take actions against personnel and other relevant interested parties who have committed an information security policy violation. | C86: #Human_resource_security | D86: Included | I86: TBC | J86: <extra info> | L86: x | V86: No
A87: A.6.5$1 | B87: A.6.5 Responsibilities after termination or change of employment
A88: A.6.5$2 | B88: Information security responsibilities and duties that remain valid after termination or change of employment shall be defined, enforced and communicated to relevant personnel and other interested parties. | C88: #Human_resource_security #Asset_management | D88: Included | I88: TBC | J88: <extra info> | L88: x | V88: No
A89: A.6.6$1 | B89: A.6.6 Confidentiality or non-disclosure agreements
A90: A.6.6$2 | B90: Confidentiality or non-disclosure agreements reflecting the organization’s needs for the protection of information shall be identified, documented, regularly reviewed and signed by personnel and other relevant interested parties. | C90: #Human_resource_security #Information_protection #Supplier_relationships | D90: Included | I90: TBC | J90: <extra info> | L90: x | M90: x | P90: x | R90: x | V90: No
A91: A.6.7$1 | B91: A.6.7 Remote working
A92: A.6.7$2 | B92: Security measures shall be implemented when personnel are working remotely to protect information accessed, processed or stored outside the organization’s premises. | C92: #Asset_management #Information_protection #Physical_security #System_and_network_security | D92: Included | I92: TBC | J92: <extra info> | L92: x | V92: No
A93: A.6.8$1 | B93: A.6.8 Information security event reporting
A94: A.6.8$2 | B94: The organization shall provide a mechanism for personnel to report observed or suspected information security events through appropriate channels in a timely manner. | C94: #Information_security_event_management | D94: Included | I94: TBC | J94: <extra info> | M94: x | N94: x | V94: No
A95: A.7$0 | B95: A.7 Physical controls
A96: A.7.1$1 | B96: A.7.1 Physical security perimeters
A97: A.7.1$2 | B97: Security perimeters shall be defined and used to protect areas that contain information and other associated assets. | C97: #Physical_security | D97: Included | I97: TBC | J97: <extra info> | Q97: x | V97: No
A98: A.7.2$1 | B98: A.7.2 Physical entry
A99: A.7.2$2 | B99: Secure areas shall be protected by appropriate entry s and access points. | C99: #Physical_security #Identity_and_Access_Management | D99: Included | I99: TBC | J99: <extra info> | Q99: x | V99: No
A100: A.7.3$1 | B100: A.7.3 Securing offices, rooms and facilities
...

Sheet Lookup Tables
A1: Audit types | B1: Boolean
A2: Certification audit (Year 0) | B2: Yes
A3: Surveillance Audit (Year 1) | B3: No
A4: Surveillance Audit (Year 2)
A5: Recertification Audit (Year 3)
A6: Pre-audit (preparation for certification)
